userName,score,content,at,meaningful,is_english
Mithilesh Kumar,1,refund issue over 48 hour,2025-10-16 11:43:49,True,True
MOHIT MARSKOLE,1,I came back to paytm but still the ui is not that appealing ! I'll leave paytm if its not taken care of ! Thank you !,2025-10-16 11:23:07,True,True
Rajesh Garg,1,Don't buy gold from paytm. buy sell diff is around 5.5% apart from GST.with GST it is around 8.5%.they give trap of 5% discout.So after discount also you will be in 4% loss after buying.,2025-10-16 11:15:51,True,True
Kashyap,1,Zero Star Rating Very Bed Services For Payments and No One Reply in customer Services. again bed services,2025-10-16 10:55:50,True,True
Bosco Dcosta,1,"worst app shame on you were doing 10,000‚Çπ transaction and you're giving us 1‚Çπ cashback fo",2025-10-16 10:12:38,True,True
Vs babbu kusti da diwana,3,dear sir. i requesting you my paytm not is working .please,2025-10-16 09:50:52,True,True
Amresh Jaiswal,1,best and super,2025-10-16 09:00:14,True,True
Cyril Britto,1,The app icon keeps changing every now and then.,2025-10-16 08:07:29,True,True
Akhil Ranjan Sahu,1,app terminates when trying to make payment or transact.,2025-10-16 08:05:50,True,True
SARAVAN M,1,save in gold option is not working totally waste app,2025-10-16 07:29:26,True,True
vinoth kumar,1,can't make payment using external UPI app or by using UPI ID..,2025-10-16 06:18:01,True,True
Ateeq Ahmed (‚Ä´ÿπÿ™ŸäŸÇ ÿßÿ≠ŸÖÿØ‚Ä¨‚Äé),3,Dark theme please... I can see the App received an UI update but still no Dark theme üòÆ‚Äçüí®,2025-10-16 00:40:05,True,True
Ak series PLAY,3,Paytm app is good but your customer service is very very worst üò§üò§üò§ please give your customer care number,2025-10-16 00:38:03,True,True
Anil kumar P,1,"i had booked a ticket on 4th October on that same day so&so travels was cancelled my ticket due to some bus break down and after that travels was refunded amount but still now I didn't receive my refund from paytm. what's wrong with paytm is this correct for your how long you would take to return my payment , 16th October still now My self didn't get any refund this bulahit patym worst. this manner you are treating costumer, shameless",2025-10-16 00:37:27,True,True
Deep Shahi,1,If going wallet they topd me somthing going wrong,2025-10-15 23:27:15,True,True
Krupal Patel,1,"Worst customer service, they provide lowest quality customer service with no resolution. Even they don't have time to talk with customer and know the exact problem. I tried on call everywhere is Bot. No human customer care executive in paytm. How to connect with human in paytm and solve my problem???",2025-10-15 23:06:36,True,True
Jeet Mandal,1,app open then very slow i think much more load in internal system,2025-10-15 23:01:53,True,True
vikas daga,1,No one is there to listen. a stupid chatbox is there.,2025-10-15 22:59:56,True,True
Akash Soni,1,bad service,2025-10-15 22:22:30,True,True
Pawan Chhangani,1,My email id is incorrectly registered in the system I took multiple efforts to tell Paytm team to get it rectified however no action was taken,2025-10-15 22:19:10,True,True
parag jyoti laskar,3,‡¶Ö‡¶∏‡¶Æ‡ßÄ‡¶Ø‡¶º‡¶æ ‡¶≠‡¶æ‡¶∑‡¶æ ‡¶∏‡¶®‡ßç‡¶®‡¶ø‡¶¨‡¶ø‡¶∑‡ßç‡¶ü ‡¶ï‡ß∞‡¶ø‡¶¨‡¶≤‡ßà ‡¶Ö‡¶®‡ßÅ‡ß∞‡ßã‡¶ß ‡¶ú‡¶®‡¶æ‡¶≤‡ßã‡¶Å‡•§ Please include Assamese language. I will buy your Paytm Sound Box after including Assamese language. Thank U. ‡¶ß‡¶®‡ßç‡¶Ø‡¶¨‡¶æ‡¶¶ üôè,2025-10-15 21:27:57,True,True
Cyba Spitter,1,wroast app don't,2025-10-15 21:00:07,True,True
Manjula Vasudev,1,they scam people in the name of cashback they had written a cash back of 200 and gave me only 10 rupees,2025-10-15 20:35:46,True,True
Saurabh Jaiswal,1,why fampay option remove in redeem code buy,2025-10-15 19:20:00,True,True
anurag arora,3,Paytm should introduce dark mode feature like other apps.,2025-10-15 18:45:29,True,True
dinesh tiwari,1,day by day facilities are mising or not available.,2025-10-15 17:50:00,True,True
md naim hassan,3,cash back not received.,2025-10-15 17:49:06,True,True
Moris Masaba,2,"it is giving me hard time, I mean in creating account it tells me timed out",2025-10-15 15:51:55,True,True
Scyfiec,2,"worst expereince paytm stoped all my transcrion saying upi paymwent risk policy even normal phone reachrge and gold investments, i used paytm from 2018 this is first time i had this experienec i complained customare service , mailed them no use ,its over 7 days now thwy have very bad customate service my all payment is cancleing with this bug while other upi apps woeks fine",2025-10-15 15:15:24,True,True
Nandu Karumuri,1,Very worst app. I've applied for digital gold KYC. but still not get completed from the verification side after 24 hr. Raise a ticket for help but no response.,2025-10-15 14:52:56,True,True
Gaffar Qurishi,1,paytm cut my valuable money without reason,2025-10-15 14:02:40,True,True
Shivam Kanoje,1,worst app .....if you want your finances to be safe..... don't purchase anything from paytm....firstly paytm will not show you the charges you will occur for any purchases and they will just charge a way too much amount than other apps....and it has very poor services.....too & if you try to contact paytm team....then there is a wall which doesn't let you in....named AI BOt ..and it will ask you your problem without providing you any kind of solution ..,2025-10-15 13:59:57,True,True
The Reviewer,1,don't buy health insurance from paytm you cannot renew after buying. if you connect with direct insurer also they will say this insurance is not valid,2025-10-15 13:46:14,True,True
shivakumar ballagere,1,my issue is not yet resolved.wrong message.loook to the issue again.,2025-10-15 13:40:08,True,True
Ajay Kumar,1,Dissapointed because my money got deducted without any type of notification and without any reason,2025-10-15 13:32:54,True,True
INDIAN BEST TOYS,1,PHONEPE IS BETTER APP PAYTM ALSO BAD APP,2025-10-15 10:30:41,True,True
Vedant Joshi,1,"Issue -> I have Enter UPI PIN For Check Balance Purpose, After Enter UPI PIN Automatic Refresh Check Balance Option Page. And Does Not Show Balance Amount. Please Solve This Problem.",2025-10-15 09:33:57,True,True
Vedant Verma,1,totally fraud app don't use it. don't give my cashback,2025-10-15 09:14:27,True,True
Kaushik Anand,1,"a very bad experience by the paytm team.i booked a ticket and opted for cancel protect,but it was not booked as the berth conditions were not met.the immediately cancelled the transaction and refunded only the cancellation protect amount but didn't refunded the ticket fare and still struggling to get it.i am continuously trying to contact customer care but they just provide an AI assistant who will only deviate you but not resolved your query.paytm has now become the biggest fraud.",2025-10-15 08:21:27,True,True
Satish Manjhi,1,paytm charges 3000rs for autopay and charged me 5000 rs for yearly use,2025-10-15 07:13:16,True,True
Nagendra electrical P,1,the worst online app,2025-10-15 01:12:37,True,True
Shivam,3,to more add plzz do not show add on Paytm app only show masage side improve payment app dizine,2025-10-14 22:50:42,True,True
girish yadav,1,my relationship paytm 2018 but paytm merchants detect hidden charges by sound box so i uninstall paytm app,2025-10-14 21:04:13,True,True
chndn boruah,1,paytm is only good for gambling buisness.. they hide all kinds of failed payment. This app is completely become useless.... I'm done with it,2025-10-14 20:34:21,True,True
Nikhil Kumar,1,very bad customer service ajent,2025-10-14 20:24:47,True,True
Soorya narayan,3,I couldn't use my paytm wallet why?,2025-10-14 20:13:34,True,True
INDAL CHAUHAN,1,unable to run it on my redmi note 7s device,2025-10-14 19:52:00,True,True
Jagadeesh Jagan,1,this paytm app is no one trust this is cheating app no customer service is not there any issue no one clear this plss no one download this app,2025-10-14 19:35:13,True,True
Lester Parambil,1,useless gold point scheme Bring some cashback we don't need your useless gold,2025-10-14 19:26:07,True,True
Mohmmed Imran,1,froud application,2025-10-14 19:21:15,True,True
azhar yaqoob,1,"DONT EVER INVEST in PAYTM GOLD...EVER. Paytm will use your money make their own profit. There is around 5% difference in purchasing price and selling price. I invested around 1.2L and was shown 8000 profit after around 1 month. When I tried to withdraw, I didn't even got my full investment money back. When I tried to reach customer care agent for 3 days, I haven't got any response. I am looking to file a complaint in consumer forum.",2025-10-14 18:43:01,True,True
Ashish Kumar,1,"Nonsense App and nonsense update. They are incorectly deducting the money and they are looting the customers. Moreover, they don't listen to it. Feeling happy Leaving it after 10 years.",2025-10-14 18:25:45,True,True
Akhilkrishnan K,2,always give false bill payment notification that make us tensed,2025-10-14 18:01:46,True,True
SHUBHAM GM,1,cashbacks not received yet,2025-10-14 17:08:54,True,True
saptarshi ojha,1,I have in gold the current market price was 11800 but I got less than the invested amount I .e 11094 neither I got the receipt of the transaction neither I got the help for the transaction it is useless harmful app,2025-10-14 16:59:11,True,True
abhishek raj,1,very bad apps üòï customer care not supporting . don't waste time... I will complaint fake offer show,2025-10-14 16:37:47,True,True
Black Car,1,super bug interface all upi apps are same go for any of it,2025-10-14 16:34:09,True,True
Praveen Kumar,1,not given gold coins .,2025-10-14 16:32:24,True,True
Kuppusamy M,1,no 1 fraud app no cashback for refer and earn lunatic support team,2025-10-14 15:30:43,True,True
Sumit Kumar,3,very good app,2025-10-14 15:24:44,True,True
Ankush,1,I am selling my gold but recived money after 40 hours,2025-10-14 14:01:41,True,True
Krishna Shrivastava,1,my Paytm Transfer of money not Working with S B I,2025-10-14 13:31:48,True,True
Vijay Kumar,1,facing issue... too much time to take loading,2025-10-14 13:13:49,True,True
Kulbhushan Varshney,2,"The Gold program in app shows ‚ÄúReturns‚Äù using a non-executable Live (Buy) price while the only executable Sell price is lower; spread isn‚Äôt shown on the Returns screen. Support confirmed this and acknowledged a GST display error. Please show Buy, Sell, spread and Net-if-Sold-Now to avoid misleading users. Can share screenshots of required.",2025-10-14 12:13:53,True,True
Shyam Singh Shaktawat,1,Paytm merchant services are not showing properly like Gold balance option and some other features are blurry Bad app for me,2025-10-14 11:42:53,True,True
T murali,1,this app don't trust because of money payment automatic transfer to other apps so never trust this app and this app not safety of your bank details so never use this app,2025-10-14 11:20:45,True,True
Saqib Ul Hasan,3,Thank you üòä,2025-10-14 11:19:26,True,True
Ramanjini G,1,worst app only small investment withdrawal but amount bank account credit 15days time don't investment this app same issue continue,2025-10-14 10:52:01,True,True
SameerG Soft,2,meneg ment hakking up id messge link trasileshan promlams y....... app chitting daily verifichan y.......,2025-10-14 10:37:21,True,True
MOHD DASTAGIR,3,love my app the,2025-10-14 10:23:33,True,True
Deepanshu Pardhan,1,new version is a bad,2025-10-14 09:43:27,True,True
Jayant Meena,1,Please bring the dark mode theme as fast as possible please paytm many people are waiting for the dark mode,2025-10-14 09:20:02,True,True
6A 45 Vidushi juyal,1,Where to find ipo mandate. For payment approval or for mandate app doesn't have any particular space.,2025-10-14 08:19:59,True,True
Mohit Sharma,1,I have a coupon for a gold membership from Paytm when we apply it demanded Rs 49 fee After discount of Rs 800 as a gold membership fee. when we directly purchase a membership it costs Rs500. So the lenskart membership fee does not match with the fee amount available on paytm. This is doing fraud with customers. Even apply 100% discount coupon Rs 49 demanded in the name of the convenience fee. Also a bad app for banking experience.,2025-10-14 06:22:01,True,True
Rishabh Sarraph,1,worst service ever no customer care support,2025-10-13 23:49:34,True,True
Om Sureja,1,never ever use this disgusting app i booked the tickets and they did some. mistake by their own side worst app bsdk mc,2025-10-13 22:31:25,True,True
J Vamsi,1,no login through website. everything in App only. This is really a mental scenario without login. unnecessary waste of time and space for the app.,2025-10-13 22:10:38,True,True
Manoj Varam,1,I would like to say latest version is just time killing and confusing kindly give us previous version which was existing till September,2025-10-13 21:52:06,True,True
aayush sahu,3,"I see that after the latest update, the expense tracker feature is missing. That was a great feature and why was that removed? Hence reducing 2 stars for this. Please bring back the expense tracker.",2025-10-13 21:50:47,True,True
venkatachala M.R,1,Stop sending fake EMI notifications. I have uninstalled the app because of this issue. Please fix it to avoid misleading users.,2025-10-13 21:32:45,True,True
Sathyam Koppula,1,worst app I have lost an amount of Rs 1800 from wallet,2025-10-13 21:31:59,True,True
Vinod Kumar,1,"Dear Paytm Owner, maine 2 months pehle Paytm app install Kiya tha aur mai bahut achche se paytm use kar rha hu, mere pas Paytm cashback wale option mai 2311 rs won show ho rha hai but wo cashback mujhe recieved nhi hua hai ...aisa kyu and another thing aaj 2 rs ka cashback won hua wo mere account mai credit hua hai. meri complaint apse ye hai ki jo 2311 Rs cashback won mai show ho rha hai wo kaha gayab hai agar apko nhi dena hai doesn't matter but bewkuf to mat banao customer ko ...",2025-10-13 21:13:21,True,True
Noor Taj,1,this app us but don't buy gold because sell panding problem...,2025-10-13 20:17:58,True,True
Kashaf Behl,1,the scanner is not opening after the update.,2025-10-13 20:16:38,True,True
shivam katare,1,"The support system is poor, only chat bots are there. No option is there to raise concern. other interface is far better than this Dear team, I don't want to chat with AI, send me customer care id to raise concern",2025-10-13 20:10:59,True,True
Anshuman Choudhury,1,Bhikari company he. Bas Paisa kisika kaise khana he to is company se sikho. Never use for online payment this app. It is a complete fraud app I will say. all reviews also fraud which is showing here. They paid some amount to Google and manually written all reviews here.,2025-10-13 19:25:06,True,True
GIRBAN BERA,1,Please close my Paytm marchent account.,2025-10-13 18:56:28,True,True
Pratik Navghare,1,worst app too much technical glitches and support is not resolving issues properly and close raised tickets bad experience,2025-10-13 18:07:52,True,True
Shariful Wahid,1,"worst customer service,, paytm gold selling problem but they can't provide any customer service I am still waiting for resolution disgusting üò°üò°ü§¨ü§¨ü§¨ü§¨",2025-10-13 18:05:57,True,True
mahammad akram,1,fake cashback i book item from Flipkart payment using Paytm they said 30rupees cashback but and shown that recived within 15 days after 15days now not credited even they removed from there show last cashback 2rupessüò°,2025-10-13 17:05:51,True,True
Rahul Prajapati,1,"current issue: I am getting notifications of EMI reminder for the loans which I never took. literally EMI amount is 3,25,000, make sense? 1st issue: still not resolved: Please help. one of my transaction is successful but reciever did not received money and now that transaction is not showing in my orders but showing in chat screen. Money is not even refunded.",2025-10-13 16:42:21,True,True
Arjun TR,1,I tried to complete kyc for digi gold but again and again bank account adding getting failed.,2025-10-13 16:31:55,True,True
Ronnie,1,Your sell order could not be processed with the selected bank account. Please try aqain using a different bank account,2025-10-13 16:29:32,True,True
Dr. Lala Sai prasad Srivastav,1,"It's fraud company, lots of amount will be deducting in different ways in account, don't trust this Paytm company",2025-10-13 15:34:01,True,True
VAIBHAV LOHAR,3,starting me cashback money milta he baad me off ....üôÑ,2025-10-13 15:18:40,True,True
GUNA SEKHAR V K,1,Worst app,2025-10-13 12:56:37,True,True
LALIT BHATI,1,I m trying to contact the customer care about my loan status they signed the agreement and every detail they completed the Nach process but not any update about disbursement. a got a call from paytm and saying your loan has been cancelled but after signing agreement and taking every details,2025-10-13 12:35:33,True,True
Arun kumar,1,Don't trust Paytm. 100% Scam. no customer care support. Never buy Gold in paytm. withdrawal is 100% not possible.,2025-10-13 12:30:23,True,True
Rizwan Mohammad,1,stolen my money paytm gold. without my permission. now it is in pending state and not adding the bank account too.,2025-10-13 11:34:25,True,True
Noblesse. Wilde,1,The people behind the application stopped my UPI payments without my own consent which is a breach of privacy and security.,2025-10-13 11:31:15,True,True
Ankit Jangid,1,very bad experience in Paytm app customer service is very üòûüòûüòûüòû,2025-10-13 09:49:29,True,True
Rabia Sheikh,1,waste of time,2025-10-13 09:37:48,True,True
Tejas Tidke,1,"paytm gold -what a scam! üôåüèª , great work paytm for scamming the middle class people who are trynna invest their money somewhere. To other fellow mates do not buy paytm gold -never. It is a huge scam with hidden charges when you buy. Also you buy the gold with live price with added charges so as soon as you buy you are at a loss of 3-4%.and again when you try to sell this gold you have whole new sell price, not the one that is shown on live. and this sell price is significantly low like 1000/g.",2025-10-13 08:25:32,True,True
Hemanth Kumar,1,Not got resolution to my query yet 200000296579 - Untill you resolve this issue I will stop using every services in the paytm,2025-10-13 07:39:29,True,True
lakhan pandey,1,paytm payment bank is closed,2025-10-13 06:55:27,True,True
Avilash Patel,1,No dark mode option available on this app,2025-10-13 03:54:15,True,True
avinash vinukonda,1,old paytm is good for understanding everything,2025-10-13 02:46:38,True,True
Venkat rao Chinnam,1,worst for payouts,2025-10-12 23:43:04,True,True
muskan yadav,3,I mistakenly send money to another number that was maybe not used by anyone (not sure) but still my money is debited (2000 ruppees) how will I get that money backkkkk,2025-10-12 23:39:34,True,True
ALOKE TANTI,1,without my permission they activate my personal bank account upi.,2025-10-12 22:45:28,True,True
Kadam vijay,1,Not quick response for mobile recharges and slow process to scan.,2025-10-12 22:18:36,True,True
H.s gaming 123 Hariom,1,coins nahi money me translate nahi hota he,2025-10-12 22:18:00,True,True
Krushi Gajera,1,"i have facing a problem from many times on your app , when i am sending money to another person sometime your side of transaction are going in pending and after 1 day you say ans showed its successfull but the transaction not recieved to reciever , i have faced this problem 2 times and didnt solver by your team 1 . firstly your customer support when i am dialing your customer number you are not give to operator and agent and just give me message us to paytm help page and auto assistant.",2025-10-12 22:04:19,True,True
Umang Tilewala,1,your app not security you have say my 500 payment has faile and you will get back in 72 hour but I not get yet I what my money as soon as possible I what back and your app not cach tower single do batter make your app security better,2025-10-12 21:44:58,True,True
Sana Ali,1,very bad service,2025-10-12 21:10:47,True,True
Arun Goyal,3,"payment system is bettern than other app ,g,p-pay",2025-10-12 20:00:06,True,True
corbett package tour,1,very very bad service very bad experience i request to all please don't book flight or train from. paytm,2025-10-12 19:51:41,True,True
Roy Roy,1,Bank account ke paise chack nahi ho rahe hai,2025-10-12 19:33:53,True,True
SAMEER GAWADE,3,want cashback otherwise it's good,2025-10-12 18:52:55,True,True
Ashu kumar,2,chhapra chhath puja,2025-10-12 18:20:11,True,True
Ravi Bhandari,1,last time problem kiya tha,2025-10-12 18:17:25,True,True
Vikas Bm,1,I'm not get refer cash back reference is scam on this app,2025-10-12 15:57:54,True,True
Sanjay Kumar,1,digital Gold My money ford No bye any Digital Gold lost of money,2025-10-12 14:38:59,True,True
A Google user,2,Please bring back the old UI. New UI is very boring all whie and I feel it's difficult to navigate.,2025-10-12 14:08:34,True,True
srayas j s,1,"One thing I have to say that it's the worst platform to invest money. If you face any withdrawal issue there is no one to contact. There is a useless bot that keeps on asking "" what's the problem"". That also don't know to solve the issue. I am trying to contact the customer care there is no number to contact them. They are saying to report the issue on that bot and that bot ater waste.",2025-10-12 13:10:11,True,True
delhi venkat,1,"Wow, what a smart way to fool people! Paytm Gold really knows how to play with our money. Before payment everything looks so shiny and perfect, but after that, full confusion. They show fake profits just to make us happy, and when you try to sell, surprise! You lose money. Great job Paytm, for teaching us not to trust you again. Totally disappointed!üò§üò°üò§üò†üò§üò† #cheater #fraud #fake #yedava #thief #whatnot",2025-10-12 12:38:27,True,True
Chandu AmruthaLakshmi,1,"I‚Äôm really disappointed and angry with Paytm Gold. They show one thing before payment and something else after. It‚Äôs not clear at all. They make it look like you are getting profit, but when you try to sell, you lose money. Very tricky and confusing system. No proper transparency. Feels like they are cheating people. Totally bad experience!",2025-10-12 12:33:54,True,True
Krishna Khetan,1,The app is good but the cashback return is very poor,2025-10-12 11:56:33,True,True
Abhijith A P,1,I want to change my personal name to business name for visible to customers,2025-10-12 08:47:32,True,True
VIKRAM MEENA,1,worst bank services worst customer care service,2025-10-12 06:08:02,True,True
Adil Syed,3,slow motion working app motion,2025-10-12 03:28:01,True,True
yasir wani,3,Recharge is not available for JIO postpaid for Jammu and Kashmir .why ? Restore this service immediately,2025-10-12 01:59:47,True,True
vamsi,1,I can't message to my friend. it is showing only pay option. what kind of update is this?? very bad. I need when will it get solved ??,2025-10-11 23:07:03,True,True
Surulivel,1,There is no facility to pay via facial recognition and fingerprint instead of PIN number after scanning UPI transactions.,2025-10-11 22:55:09,True,True
Bharani,1,"i have activated upi lite and it has some money but on home screen its showing upi lite: reactivate and because of this while doing payment i am unable to use the upi lite balance and asking to debit from my bank account,if i am unable to use it then why should i use paytm upi lite",2025-10-11 22:40:30,True,True
Nitin Nautiyal,1,worst customer services my soundbox havent been returned yet,2025-10-11 19:43:31,True,True
Vikash Jangra,3,very easy in using,2025-10-11 18:45:57,True,True
RRR,1,No.1 money scamming app,2025-10-11 18:14:10,True,True
Arif babu,1,"Its a fraud app, they were looting people with Digital gold selling and purchasing. The Paytm rate is Rs.500/- per gram higher than market rate and when you want to sell the same, they are deducting again Rs. 500/- on market rate. If you guys purchase a single gram of digital gold through paytm, they are charging Rs. 1000/- extra. Be careful. Don't trust this app and don't invest in this.",2025-10-11 18:09:05,True,True
Yathish BL,1,I have been a loyal user of paytm for a long time but the customer service is pathetic and they heavily rely on AI response which doesn't understand anything. I have been trying frequently since last one year to transfer funds from wallet back to the bank but it is not possible so I raised a ticket and got a call but was put on hold and IM UNABLE TO CONTACT NO ONE FROM PAYTM no matter what I try. I must have requested them hundreds of times since last one year to transfer back funds but in vain.,2025-10-11 17:11:36,True,True
Shahnawaz Alam,2,sir when i make payment from rupay credit card than show yur limi is exceeded 2000 please use bank ac or try again after 24 hours,2025-10-11 14:13:35,True,True
muthu tm,1,this app i am use but my payment successfully debited but amount not received i am already informed Paytm customer service poor,2025-10-11 12:18:35,True,True
Om Ji Mishra,3,omji Mishra Dwivedi Nagar Galla Mandi naubasta Hamirpur road nearby Kailash Mandir,2025-10-11 11:59:54,True,True
Aniket Prasad,1,Worst experience ever,2025-10-11 11:55:35,True,True
Satishkarnam Karanam,1,i have recently expirenced my irctc ticket not booked paytm merchent side not payed amount worst paytm service this second time happen,2025-10-11 11:14:27,True,True
Arvind Sharma,2,Paytm app is great but it doesn't have dark mode yet.,2025-10-11 09:55:29,True,True
Mr Ance,1,paytm gold coin value is too low please increase the value of gold coin cashback.,2025-10-11 08:54:32,True,True
manikumar kota,1,app Not Installed Still 5 months What's problem,2025-10-11 06:49:11,True,True
Akhil Gujarati,1,"worst customer support team ever. and app overall also have been bad after the updated version. worst customer support, never helps with any iisssues.",2025-10-11 06:20:28,True,True
Vansh Deep,1,changing app interface and functions again and again making users experience so bad I invested in jan nivesh yojana but now not shown in any place very bad it looks like scam,2025-10-11 00:00:26,True,True
Anwar,1,"Worst Paytm scanner animation, time taking, everytime qr code is showing animation then only we can enter amount. Make the aap for FAST payment. Lot of ads there which also misleading during payment.",2025-10-10 22:52:07,True,True
Piyush Xalxo,1,irritating theme interface,2025-10-10 22:45:37,True,True
Hardik Bhatiya,1,Fraud app. I had more than 110Rs+ in cashback. He kept showing pending for 2 weeks. And when i raised a ticket all cashbacks started vanishing from list and no proper support,2025-10-10 22:01:24,True,True
Asif Zaffar,1,I love the app. But a humble request - STOP üõë sending push notifications of my EMI on the Paytm app. Thank You,2025-10-10 21:37:16,True,True
Pankaj Oraon,1,"I have made all my loan payments but if I go to Paytm, it shows that the payment has not been made. What should I do now? Because of this my civil score is decreasing.",2025-10-10 21:20:16,True,True
Asit Debsharma,1,baje app amar fel hoya pement ar taka akhono ferot paini are theke phonpe onek valo,2025-10-10 20:24:14,True,True
Hruthika Ramani,3,send offers for every payments,2025-10-10 20:17:39,True,True
Abhinivesh,2,"The New App Interface is Not Good,All Options Became Very Smaller, Options Were Spreaded among different sections, Unable to Locate it Quickly.Not Satisfied with this Update,Kindy Make Some New Adjustments in App Interface.",2025-10-10 19:59:50,True,True
Rahul Kumar,2,"Everything else is fine with Paytm, but there‚Äôs still no dark mode option. Please add a dark mode ‚Äî the bright screen really hurts the eyes.",2025-10-10 19:46:48,True,True
Ramarao Siram,1,"Worst experience using this app. Bus ticket booked using this app and the bus operator cancelled the bus. Tried many times for contacting the bus operator and Paytm customer care for a week to 10days, but there is no response, even a reply or a call back from Paytm/bus operator",2025-10-10 19:13:04,True,True
Sarfas Sayhan,1,broo please solve the issue of paytm payment bak it is not working,2025-10-10 18:48:08,True,True
Vagesh Nath Yadav,1,"poor costumer care support, unable to resolve issues. I have already contacted and raised ticket but no reply for 6 day, no option to talk a executives, just AI based useless replies.",2025-10-10 18:31:18,True,True
Badal Raj,1,customer service is the worst among all the upi apps. Also they are rude and behave like government employees.,2025-10-10 17:49:40,True,True
Sengkaldona Sangma,1,this app has serious glitch and they should solve it immediately my father send me 8500 and out of that I've sent 6500 for my hostel fee and the rest remaining is only 858 now that is my money from before my father send me,2025-10-10 17:25:29,True,True
Sunita Yadav,2,i am unable to access message feature now after updating paytm. Only pay option is showing.,2025-10-10 16:54:07,True,True
Fais,1,very low experience,2025-10-10 16:17:01,True,True
Anu Saha,3,"During dmat A/C top-up, paytm not being selected automatically.",2025-10-10 16:02:29,True,True
Rijwan Khan,1,very disgusting app I recommend to not use this,2025-10-10 15:50:38,True,True
alex suman raj,1,"Don't use any payment, he tells a lot of lies, the officer comes, he does some of ours, some of his, this is wrong, we will not tell anyone that any payment should be used because he cheats us, what will we do on this",2025-10-10 15:35:36,True,True
Vipul Kanherkar,1,scammers are using Paytm to cheat people,2025-10-10 15:30:29,True,True
Naman B,1,Pathetic Support!,2025-10-10 15:23:46,True,True
S B,1,bad app. can't even do simple verification. not using it ever again,2025-10-10 15:20:17,True,True
Sandeep S,1,worest app not showing exact account balance and history üò°üò°üò°üò°üò°,2025-10-10 15:04:26,True,True
Sarvesh,1,This app is very cheater for cashback refer ke liye ..... Don't beleive his refer option Don't install this app for big cash back and refer intention,2025-10-10 14:35:14,True,True
Prasun Purkait,1,"Dangerous Merchant App If any issue faced there no one would help you for resulation. Paytm Merchant has no clear customer support. There is an IVR No. but get the resulation from there is- ""Please use help support on app"" and app have just a automatic chat bot which is not provided proper solution.",2025-10-10 14:11:58,True,True
Bhagwat Nagre,1,no security,2025-10-10 13:13:23,True,True
Naresh kumar,1,Stop showing the fake return on Paytm Gold investment. Show the actual figure or add a feature that shows the actual return on selling price of the gold. Zero star for the price difference in buying and selling in Paytm Gold.,2025-10-10 10:36:40,True,True
Emmanuel Rajkumar,2,after update text or chat feature is not available I hate pls give the chat option,2025-10-10 09:58:14,True,True
Ajith Kumar,1,"i have been using the paytm app since 2019 but i am not eligible to paytm postpaid option, my cibil score is 730+. i am so sad. so i delete the app instead i use the google pay app. google pay is better than paytm",2025-10-10 09:34:37,True,True
Hareesh Yadav,1,lot of issue,2025-10-10 09:00:13,True,True
Aman Negi,3,money got deducted from my account without any information or data,2025-10-10 08:50:17,True,True
Deepak Waghamare,1,Zop service is fraud and you gyes are dealing with them.,2025-10-10 08:22:14,True,True
Jony Verma,1,Customer care number hi nahi milta inka mere UPI se 10000 rupey failed hogye or account se paise chle gye don't use paytm UPI customer care ka phone nahi mil rhaüò†üò†üò†üò†üò†üò†,2025-10-10 08:01:33,True,True
usman khan,1,"Remove the annoying sound while we check our balance, it is a very unnecessary feature which only creates annoyance and nothing else. Please remove ittttttttt.",2025-10-10 04:32:44,True,True
Sarafat Ansari,1,very useful app,2025-10-09 21:37:03,True,True
Krishna S,1,It was nice app,2025-10-09 21:31:15,True,True
Kalpana Todkari,1,worst app I used,2025-10-09 21:16:46,True,True
Bijan Gaming,3,good app üíØüíØ,2025-10-09 20:44:05,True,True
MR. ARJUN VLOG,3,thik thak h,2025-10-09 20:14:54,True,True
J Nathan,1,couldn't update or change the international code and phone number.,2025-10-09 19:54:29,True,True
Amit Raj,1,Govt Ko Ise Ban Kr Dena Chahiye...Customer Care Number Par Baat hi Nhi Hoti hai ...1-2 Ghante Baad Call Lgta h..uske baad bhi samsya solve nhi hoti...very bad Customer support.,2025-10-09 19:25:31,True,True
Irshad Ali,1,not cash back frome thums up it repet the process again end agai,2025-10-09 19:13:29,True,True
PRAMOTH,2,cashback anuppunga,2025-10-09 18:24:03,True,True
Ankit Srivastava,3,‚ÄúPaytm App‚Äù ‡§™‡§∞ ‚ÄúBiometric Finger‚Äù and ‚ÄúAuthenticate Face‚Äù iD ‡§ï‡§æ version ‡§ï‡§¨ ‡§§‡§ï ‡§Ü‡§è‡§ó‡§æ ??,2025-10-09 18:10:30,True,True
Dileep Kumar,1,Don't use this application,2025-10-09 17:57:11,True,True
Mukul Khetan,2,The app was wonderful but the cashback offer is very poor,2025-10-09 16:55:53,True,True
PURVA JAISWAL,1,Not useful as there is no customer call service for refunds.,2025-10-09 16:28:48,True,True
Salim Khan,1,very bad service from Paytm,2025-10-09 16:17:43,True,True
Sunil. sp,3,"sometimes it stops working, that one thing they have rectify",2025-10-09 16:15:12,True,True
Drx. Aryan. Chaudhari Chaudhari,1,thank you,2025-10-09 15:25:39,True,True
Aditya A Sharma,1,"Pathetic, no way to connect with customer care. IVR is useless.",2025-10-09 15:04:00,True,True
Monu Kewat,1,this app in not good I am download my upi statements but I can't download because this app is w west of time,2025-10-09 14:56:30,True,True
Rehan Arnav,1,When I Invest in Paytm Gold In App only Gold Page (section) is not opening Don't Invest in digital Gold Invest Everytime in physical Gold,2025-10-09 14:55:21,True,True
Sourabh Kumar,1,worst app üò≠,2025-10-09 13:02:50,True,True
Yogesh Agrawal,1,"Never buy Gold from Paytm Gold Locker TnC not mentioned clearly. Never tell you sell rate. Moreover need to sell at their rates (which are much lower than market rates), not market rates. Also you can't sell on other platform. Rather invest in Gold ETF.",2025-10-09 12:18:10,True,True
Mr Sayan Ganguly,1,please dark mode option on Paytm app,2025-10-09 11:23:11,True,True
Dirty Gamer,1,I've paid for metro ticket through paytm and it took time to grant me ticket so i took ticket in offline and went. later paytm granted me ticket and didn't give me any refund. the support bot is useless this paytm is garbage scam,2025-10-09 10:36:06,True,True
Shyam Sundar,3,"Always been a reliable option for UPI, the last ui update is clean but dark mode when?? -2 stars for no dark mode.üôÉüôÉüôÉ",2025-10-09 10:06:12,True,True
Saqib,1,this is very poor UPI aap not cash back reffer this app,2025-10-09 10:04:20,True,True
Mukesh Kumar,1,fake and fraudulent app no customer care,2025-10-09 10:00:32,True,True
sanjiv kumar porwal,3,Please loss heavy weight so that upgrade Very poor speed and add lic,2025-10-09 08:49:07,True,True
RANJIT BADIGER,1,that sound while Balance checking is so annoying and irritated so please remove that that old version was better it was silence,2025-10-09 02:36:06,True,True
Yaradesi Venkateswarlu,1,worest app,2025-10-09 02:18:34,True,True
TEJSINH TEJ,3,We Can Not Activate Wallet Bug Fix After Then We Gives You Five Star.,2025-10-09 00:23:25,True,True
Lalit Agarwal,1,I never receive cashback from paytm. Fraud app.,2025-10-08 23:55:52,True,True
H M,3,it's ok good app,2025-10-08 23:55:07,True,True
Rejaul Hoque,3,Confusion UI,2025-10-08 23:05:53,True,True
Vijay Singh,1,India's most cheater company Paytm. rentnewyear promo showing better luck next time eaten away 380/ in the name of convenience fee by giving false advertising 2.5% cashback up to 300 on rent payment 20000 and above promo applied successfully nill cashback back what a nice cheat this company will never come in profit and will be closing buisness and runaway best of luck. looser company fack offers Last 15 years no profit uninstall chinese company,2025-10-08 22:08:49,True,True
Subhash Rajak,1,money credit but acounnt mein zero balnce glicth ko fix karo hames zero balnce bata ta hai fix this problem,2025-10-08 21:50:31,True,True
Syed Imran Hussain,1,very good service,2025-10-08 21:07:49,True,True
Ronitha Roni,1,Not able to activate my account,2025-10-08 21:03:52,True,True
Shreyansh Sood,1,Totally unhelpful support. Paytm Totally disruptive service. Guys I am not getting a proper response on my complaint from your team members kindly resolve my concern. Totally unsatisfactory chat and support team with rubbish replies. I made a payment through Paytm Money to a merchant but he didn't receive it and the amount was deducted from my account. I think that's why people recommend Google Pay India in India for their good service. Literally disappointed with Paytm Service.,2025-10-08 20:18:08,True,True
talvinder singh,1,they charge me 200 inr for free cancellation before 30 minutes of train departure. but before more than 4 hours before departure . i cound not cancel ( no option for cancel ) .very disappoiting. no customer care response. nothing they are very well un professional,2025-10-08 18:41:02,True,True
Divyaa,1,they do worse for their employees. they give a commitment of salary during interviews and after joining and working we will receive a very low salary. they will say that it is variable pay.,2025-10-08 18:24:13,True,True
Avinesh Kumar,1,Paytm gold is fake becoz im buying gold and sell it again your paytm take price very low and gst extra. ex:- I bought some gold $= 2500 and sell $= 2200 ye koi baat h apna hi gold low rate me lete ho.,2025-10-08 18:23:07,True,True
Vipin Yadav,1,"The previous theme was very good but after the update a new theme came and it's boring, I am going to uninstall the Paytm app.",2025-10-08 17:27:56,True,True
News Prayagraj,1,server down,2025-10-08 16:26:48,True,True
Prashant Raj,2,"2#""2# years OF EXPERIENCE q",2025-10-08 16:13:10,True,True
Hareeshsankar Yedoti,1,Worst app,2025-10-08 15:51:56,True,True
Rayanna Kankanavadi,1,Not showing my bank how can I create my account ???,2025-10-08 15:26:11,True,True
Chandra shekhara p,1,balance check problem please fix it,2025-10-08 13:59:37,True,True
moosa jaffri,1,"Extra Mobile Recharge Charges, Useless Offers,No money Back And Overall Bad Experience.....",2025-10-08 11:31:39,True,True
Chaitanya Kureti,1,Worst Interface and Worst Subscription Plans,2025-10-08 11:19:25,True,True
Sravan Kushi,1,"I invested in Paytm Gold, but now the gold section or Paytm Money app isn‚Äôt opening properly. The app keeps loading or showing errors every time I try to check my gold balance. Very disappointed with such a poor user experience",2025-10-08 10:51:44,True,True
SSK,1,worst bot. keep saying i am failing to understand give one chance...and never understands from customer side...never connects with agent...causes mental issues to customer...stay away from paytm,2025-10-08 10:48:27,True,True
Raju King,1,showing 1 rs deal it's giving hope to buy but not processed full of fake hated,2025-10-08 10:04:05,True,True
Kulbir Singh,1,very poor service agent not available Paytm,2025-10-08 09:35:13,True,True
saniya kumari,1,Central Bank of India ka debit card connect nahi ho Raha hai,2025-10-08 09:31:01,True,True
Suganewari Thangaraj,1,"üòòffüòéüòéwad‚Çπ√∑4say √ó, ¬±ax, dx,, az safeguards, xd z,,, ESs¬°23#¬£Ws¬±‡Æµ‡Øç‡Æ∏‡Øç!wWWZADZDZ SZ ‚Å∑8‚Å∏‚Å∏u ini ini i‚Å∏itu ü§™‚Å∏7ni 7‚Öû ty 666666665565 iocoo ortiz üôèüèº7 ‚Å∑‚Öû‚ÇÜ,//it iu it cx cx ccxccc",2025-10-08 09:25:17,True,True
nithz91,3,not able to lock the app,2025-10-08 09:00:08,True,True
Nishikant Choudhary,1,"They give fake notifications with very high payment remaining alerts, so that you get in panic and add your loan account or credit card. I will report this if it's not stopped.",2025-10-08 07:55:32,True,True
A Google user,1,"I request the government, sir, to ban the Paytm app for life time .",2025-10-08 01:27:15,True,True
Shaik Sharif1589,1,this is cheating shame of u don't do this type of false aligatiion I have not taken loan shows in ur aap please correct this otherwise I complaint to RBI sorry to say this words,2025-10-07 22:55:22,True,True
Dr. Ratan Deep Singh,1,"Saying my phone has unofficial firmware, I am on official One UI 8.",2025-10-07 22:30:57,True,True
bablu Marten,1,I am using Paytm app since 2022 I did not take loan from Paytm app and I have cbil of 755 but they didn't give me any personal loan when I apply for a personal loan their reject me loan application,2025-10-07 22:21:28,True,True
Hari Eslavath,3,"Nice Upi App, but cash back & Refers cash backs not get like a Phone pay",2025-10-07 22:06:30,True,True
Thala Sudharsan,2,to much slow,2025-10-07 21:25:09,True,True
lokesh rai,1,"worst experience, twice in a row, thieves running a company in shadow of payment app. sometime ago when i did a recharge, the money was deducted but payment wasn't processed and till now i haven't recieved that money either. Today as well the same thing happened, and worst of all, they transfer you to chat with a dumb ai bot. Truly no regards for customers and unethical behaviour. Chor hain sab saale",2025-10-07 21:08:44,True,True
Cibi Sivakumar,1,"worst ever customer support. I sold the gold worth of 8000 last month. Money not yet received still now. I raised 4 tickets, even though they are closing when we didnt respond within 24 hrs. I dont know how you guys can close any ticket without get resolved. Like they are asking to attch the error video, but when trying it is getting failed in paytm. Whatever I respond they just replying the same below every time. Dear customer, please share the screen recording of the issue.",2025-10-07 21:01:45,True,True
sandeep Singh,1,Refer price issue Refer price not sufficient and refer system is very poor üëéüëéüëéüëéüëéüëéüëéüëé refer ke liye second month ka transaction 20000 kyo 20 lakh theek tha 20000 thoda kam hai,2025-10-07 20:15:01,True,True
Amit Bansal,2,ghatiya app.There was no good deal available after so many recharges. And all available deals are either expired or have so many condition applied. Paytm team should work on it.,2025-10-07 20:12:47,True,True
Biswajit Bhowmick,1,Fraud app..don't use this app,2025-10-07 19:55:51,True,True
Mr Unknown,3,Network problem not show Balance,2025-10-07 19:36:07,True,True
Arshi Naaz,1,this app is the shittiest,2025-10-07 18:53:36,True,True
Basant Pandey,2,no option üòî,2025-10-07 18:45:10,True,True
Raja Babu,1,my Paytm postpaid loan is due and in Paytm app postpaid loan option not showing. my CIBIL score is decreasing. please solve the problem.,2025-10-07 18:40:41,True,True
Gulshan Kumar,1,very useful app,2025-10-07 18:28:50,True,True
Ajay Bhadauria,1,all froud,2025-10-07 15:48:13,True,True
vikas komra,3,better than others,2025-10-07 14:20:26,True,True
MD Arif,1,My gold locker hasn't been opening for a few days.,2025-10-07 13:17:12,True,True
MK Latha,3,"It's good, but can you please add the option to change bank account for UPI lite wallet ? I have to delete the UPI lite wallet and money will be transferred to my account bank and then newly set up UPI lite was the info, but unfortunately I couldn't, cause deleting it kept failing and failing. Told me to contact bank to fix the issue. I'd rather if you'd just add the UPI lite wallet bank account change option, that would be great.",2025-10-07 12:25:18,True,True
Gaurav Gajjar,1,"Don't use this app anymore,.paytm is a really fraudulent and waste app, I Just Transferred money to my self account and money deducted at the time and on my second account I didn't receive money, and Paytm says talk to your both bank about it..means for your own money you have to waste time when you need to transfer funds in an emergency. well done paytm..thank god i withdraw all digital gold from paytm.",2025-10-07 09:22:56,True,True
srinivas yadav,1,"this review is specially for paytm gold pls don't invest in paytm gold u don't get any returns,I have invested 65000 but when want to withdraw they are giving 61365 nearly 7100 lose for 10 grams gold better go with physical 24crt gold in showroom r near shops ,if I want my 65000 then I have to wait for gold to spike 7500 more to get my whole investment back without any returns,totally waste",2025-10-07 08:43:16,True,True
Trikaal Raajguru,1,SCAM Hello everyone now don't try this app & uninstall quickly this app .Lol now fully AI HANDALE this app & callecting your A to Z data bill . Set auto pay mode.If you this bill allready paid from others apps .But Paytm paid again & not refunded. Customer care hendle AI only. no any kinds of talking link . Paytm now come to SCAMING through AI .,2025-10-07 07:39:06,True,True
Mounika Bairy,1,paytm pay later registration was taking huge time... I've been trying it for 3 Days.. nothing works... aadhar verification takes so much time... it's full of time waste... very disappointed with PAYTM,2025-10-07 05:57:19,True,True
Mohd Akram,1,plz don't invest in gold on paytm platform its fraud bcoz customer profit captured by him nd also at the time of sip gold deducted amount paytm increase live gold price. paytm fraud those peoples mostly poor peoples. GAREEB LOGO KI BADUA HA CHEATING PAR,2025-10-06 23:51:41,True,True
A Google user,1,"Bad Experience, This Apps Extra Charges Bill Payment.",2025-10-06 23:29:56,True,True
Aviral Jain,1,Good app for send money and pay bills at time to pay so this app is good,2025-10-06 23:28:28,True,True
Narendra Jangir,1,"maximum payment is fail, recharge amount deducted but recharge is not done. status is not updated within 24 hrs very disappointed from paytm",2025-10-06 21:51:47,True,True
sampath kumar,1,"worst service, cheaters no proper coustomer care. I withdraw gold and still not credited not refunded.",2025-10-06 21:13:47,True,True
Indian hindusthani,1,this is worst pay app please don't use this I am facing loan repayments since last two years me cbil going down but Paytm no help you there is no support team they using ai support which can not solve problems,2025-10-06 20:56:43,True,True
Harsh Kumar,1,"Not recommended to use this platform for buying metro tickets from here, QR codes will not get open while exiting and you have payment double of the amount to metro staff for exit. Even, nobody from customer care would help you to get a refund of wasted money.",2025-10-06 20:46:49,True,True
Rajnish Kumar Razz,3,your User interface is tough to understand.. make it simple like PhonePe app..,2025-10-06 20:08:33,True,True
Shyam Baba,1,not used,2025-10-06 19:15:31,True,True
MANOJ KUMAR GUPTA,1,sound not clear,2025-10-06 18:48:14,True,True
Mami Gael,3,It's fine for now ü§î.,2025-10-06 17:59:45,True,True
Saurabh Gupta,1,"PAYTM GOLD IS A TOTAL FRAUD! After investing ‚Çπ1000 in Paytm Gold, the page stopped loading within just two days, preventing me from checking my balance. To make matters worse, I am unable to withdraw the amount I invested. This is completely unacceptable!",2025-10-06 17:09:07,True,True
Sushila Saini,1,After re installed no login,2025-10-06 17:02:22,True,True
Peter,2,box type scanner best phonepe or gpay model,2025-10-06 16:52:10,True,True
Recovery E-mail,3,"can't pay electricity monthly bills one by one , it makes us pay all pending bills at once, previously I used to make payment of only one month of electricity bill payment that is now not possible.. horrible and stupid idea by paytm , please solve it , and make the postpaid electricity bill payment flexible as it was.",2025-10-06 15:59:48,True,True
Ayan Hussan,3,everything is great but when I scan it took some second and I hate that plz do something or fixed that,2025-10-06 14:31:48,True,True
Shikha dwivedi Dwivedi,1,#paytm unsafe mera 1000 loss through paytm payment. Bank aur Paytm ke dispute me aap log hamara loss kyu kerwa rahe.bank aur Paytm apne apne side se bol dete hai unki limitations hai to Mera loss kaun bharega? Not got my first recharge free by paytm.in this way I have to uninstall paytm app.and dusro ko bhi Paytm app ki demerits btake app install kerne se rokenge.,2025-10-06 14:10:11,True,True
Zuber Khan,1,world worst application,2025-10-06 13:34:24,True,True
Shiva Kushwaha,1,one of the worst payment app ever never use it,2025-10-06 12:59:27,True,True
Shreya Mishra,1,Worst app to use for payment or booking you wont be getting refund for  your cancel flights or event tickets on top of it ‚Ä¶.. there‚Äôs no pne to contact you issue too Only there is AI generated bot who will say the things  Not very useful app,2025-10-06 12:56:27,True,True
Navin Chandran,1,very slow for the verification process. two days minimum required.,2025-10-06 12:43:03,True,True
Sunny Solanki,1,Too much problem and long procedure for refund request..Still not satisfied wuth your app for refund...I dont know if I'll get my amount refund.,2025-10-06 11:49:05,True,True
Arham Maniar,1,"worst app for gold investment. provide you coupon of discount purchase of gold and when actually payment is done it is based on actual amount paid and no discount is applied.Also, at withdrawal the total amount which can be withdrawn only amount you invested as the discount was just a SCAM.Also, worst customer support as bot is only there and no response rec'd from executive since last 15-20 days on ticket id: 200000174747.irony is developer providing link to same support where no response rec'd",2025-10-06 11:40:26,True,True
Abhinav Arya,1,Restricting mine purchases for no reason. The ai support is so helpful that it always fails to solves the problem. Paytm Ai support needs a support ü§£,2025-10-06 11:36:53,True,True
Ujjwal Kumar,1,customer service is absolute trash,2025-10-06 11:25:44,True,True
sandeep das,1,Dark mode not working properly with your app interface many things washout. In someplace text is whiteout with the white background fix it,2025-10-06 10:59:14,True,True
Sudhir Mishra,1,"useless app. It always lacks. some features, some not. just a scam app.",2025-10-06 10:38:33,True,True
Satish Kumar,1,worst services day by day,2025-10-06 10:34:36,True,True
GOGINENI ANILKUMAR,1,wonderful experience by payment cant open my metro ticket at departure waiting from 40 minutes stuck at there thanks paytm for this wonderful experience right way uninstalling this useless app,2025-10-06 10:32:11,True,True
Gaurav Rawat,1,i m giving 1 star from 5 star because once i was not able to retrieve my qr metro and had to buy new ticket. paytm app was keep loading and show something went wrong and cant get my own qr,2025-10-06 10:24:05,True,True
Arjun Gupta,1,Paytm Business Scam,2025-10-06 09:24:08,True,True
Yo_Exploring India,1,UI is very slow,2025-10-06 08:09:41,True,True
exploringeverything Patel,1,"worst service ever . I am not able to cancel my bus ticket, when I click on cancel ticket it just loading not showing anything",2025-10-06 08:07:31,True,True
Riya Yadav,1,don't use paytm . paytm app is not working properly. paytm app ke anadr transfer transaction I'd nahi milti hai . it's very bad app .,2025-10-06 06:32:50,True,True
AK,1,"Request for Correction / Closure of Loan Showing Active (‚Çπ7,833 Pending)",2025-10-06 05:19:41,True,True
Kimberly Hector,1,won't let me use my phone number,2025-10-06 03:57:46,True,True
Mushtaq Ahmad,2,How i turn off automatic bill payment ? paytm is charged for it!!,2025-10-05 23:35:49,True,True
sanjay kumar,2,very good app,2025-10-05 23:18:10,True,True
Vaibhav,1,it's good app,2025-10-05 23:07:50,True,True
Venky,3,Till now I find the Paytm to be best among all. This is the most useful app and Convenient for all Bill payments and daily transaction. But I am Unable to Delink my Unused Bank account and Also unable to Deactivate My Merchant account. Please guide.... Once i have raised the ticket and Also emailed it to the Editor.,2025-10-05 22:48:33,True,True
Sk Md Masud,1,"Very bad app paytm. One Thousands of rupees were deducted from my fast truck. ü§¨üòàü§¨üëøü§¨üëéüëéüëéüëéüëéüëé Please don't anyone use this app, it's a master of deducting money... Please no one use this app..... very disaster app,No one will use this app. Very nasty and dirty app.",2025-10-05 22:15:28,True,True
ABHISHEK D,1,"for buses which has rating 3 to 4, don't put them in green color, my bus pickup was 1hr late and the reason why I booked that stupid travels vasireddy was because of that green color. I really blame paytm for this.",2025-10-05 22:08:41,True,True
SK Singh,1,It was working very smoothly but unexpectedly my no has block than collect a new and same no than it has not work and till can't rectify the issue.,2025-10-05 21:53:33,True,True
Ayushi Agrawal,1,it's bad app don't use this app,2025-10-05 21:47:18,True,True
Shaan Karmkar,3,it's nice,2025-10-05 21:15:40,True,True
Saikat R,1,"it wasted my 2 hours. I was getting into the kyc page but no one attended me , even though clock running out",2025-10-05 19:18:59,True,True
cs nivas,1,"Don't fall into Gold coin trap, if you pay 1 lakh transaction, you will get 10/- value gold coins, if you convert 7.5/- value gold will be credited after tax. if you sell this have to pay 3% charges. So finally you will get 5/- value. previously paytm cheap trick was cashback points. 1100 points equal to 10/- voucher. every transaction 3 points. Customers should not be trapped in these kinds of cheap barma sir tricks.",2025-10-05 19:07:42,True,True
hardeep singh,1,poor customer service calls disconnected by your executive also,2025-10-05 19:05:32,True,True
srinivasu suresh,1,It's showing falls msgs and i am not taking any loan payment send me a msg ur first emi due in November 3rd,2025-10-05 18:36:10,True,True
Guptha Ranjith,3,App is getting worst day by day. Giving zero cashback. Paytm is changed and also Paytm should start Paytm payment bank again,2025-10-05 17:34:12,True,True
Tarsem Lal,3,good but customer service line very bad,2025-10-05 16:23:36,True,True
Aabid Khan,1,"galti se bhi loan mat lena paytm se jo emi amount alag show karenge loan ke time aur payment ke time alag amount rahega ,be careful, don't take loan from fraud paytm",2025-10-05 15:07:03,True,True
Google User,1,The latest animation while scanning QR is useless. It is slowing down payment time. That animation also lags while scanning the QR. QR doesn't get scanned quickly due to it.üò°üò°,2025-10-05 14:48:37,True,True
Beant Singh,1,fully nonsense,2025-10-05 13:49:39,True,True
Factstund,1,this is very useful apps,2025-10-05 12:30:03,True,True
Nikhil Shinde,1,Worst UPI app!!!!,2025-10-05 12:18:48,True,True
Harsh Chouhan,1,faltu feoud app he kisi ko bhi apne aap pese jate he or custmer care bhi nhi he froud dont install app faltu app he,2025-10-05 12:00:12,True,True
Sambit Kumar,1,phone heating a lot after installing the app,2025-10-05 11:58:32,True,True
sahil sheikh,3,"I have been using this app for 2 years, and have done a lot of transactions, bill payments in 3 digits but the cashback or reward is extremely poor. I got only 30 rupees as cashback that too when I was new user. (however everything is fine related to its working)",2025-10-05 11:54:20,True,True
Rahul Netha,1,worst app no cashback nothing just better luck next time....worst experience everüëéüèª,2025-10-05 10:18:30,True,True
Gokul Sarath,1,The app doesn't allow tags while payment. Also the app GUI is not as user friendly as of GPay.,2025-10-05 10:02:13,True,True
Shantraj Bethel,1,Overseas phone numbers cannot be used.,2025-10-05 07:23:13,True,True
kasireddy anilreddy,1,from the recent update while using upi lite feature when the transaction gets successfully the screen become blank out,2025-10-04 23:58:17,True,True
A Google user,1,If you don't take extra platform charge on mobile recharge and other recharges then more people will return to this app as Bhim is not taking any extra platform charge.,2025-10-04 22:08:23,True,True
HARSH KUMAR,1,Facing login issues trying to contact customer care but he is not responding & supportive. don't play games with the help of this type response.,2025-10-04 20:49:11,True,True
Kiran Rathod,1,i have to shift to Google pay or phone pay.. suggest me to pay the electricity bill for the past rented house..even without our knowledge they make auto payment. I want to permanently delete those light bill payment but I can't do that..bahut ghatiya or bekar app hai.. please stay away be careful,2025-10-04 20:25:58,True,True
A Google user,2,Upi QR code scans very slowly,2025-10-04 18:42:52,True,True
Nilabja Sarkar,3,"Kindly check your font settings, the size has shrunk after last update, coz my other phone settings for fonts is same as well as screen zoom then why are the text inside small in size.",2025-10-04 18:07:32,True,True
Maud Matshidiso,1,I can't enter my countries dialling code because it's set at +91 doesn't make sense..,2025-10-04 16:26:44,True,True
nishchay kr.,1,internet issue always,2025-10-04 16:09:51,True,True
Zubair Khan,1,please don't use this app for any booking because if you face any problem then there is not any customer service they are so slow for provide your resolution,2025-10-04 15:41:48,True,True
Gadila Suresh,1,wast app not service no Custmar care verybad app paytm wast,2025-10-04 15:39:48,True,True
Deepa Arya,1,recharge platform fee hatao,2025-10-04 15:28:05,True,True
venkatesh v,1,After the update I'm unable to receive money on other upi platform. this is terrible forcing users to use paytm. ugly strategy & I have uninstalled it,2025-10-04 14:08:41,True,True
sudhanshu kumar Sahoo,1,such a basted app I've ever seen. payment done from morning for mobile recharge but not happening still 2PM,2025-10-04 14:08:15,True,True
Afroz Naik,3,thank you,2025-10-04 13:37:42,True,True
anupama yadav,1,Mera transaction failed hone ke baad bhi account se paise kat gye,2025-10-04 13:18:27,True,True
Special By God,1,"Totally unreliable. Too much of useless BOTS used. Ticket raised gets automatically closed without resolution. Typical non customer centric attitude even embibed into their algos too! Help 24*7 is just name sake and closes all chats as resolved, hence, is of no help! SHAME when they've lost banking license and still adamant to prove non-customer centric! They are never going to improve, that's why they are like this only. Raised 200000122957 ticket on 17sep never resolved. SHAME ON!",2025-10-04 12:56:58,True,True
sunil gupta,1,useless services,2025-10-04 12:12:02,True,True
SUDHEER,1,"Paytm has not updated pan card details not there this option, dear Paytm support team please add update pan details option",2025-10-04 11:49:15,True,True
Biju Kumar N,2,Gradually paytm turns matured..now very good,2025-10-04 11:37:33,True,True
JA STUDIO KEYBOARD,3,already loss of money many times,2025-10-04 11:20:29,True,True
Vinod Madyeshiya,1,this is really very bad and scam aplication.pleace don't use this application because I don't receive my 2300rs and most of the people are facing this problem but it doesn't take any action. I was complained about this but nobody was taken any action.,2025-10-04 09:47:24,True,True
Raman,1,I can't send ‚Çπ8000 Money it's failed and If I try again it will be failed again.,2025-10-04 07:53:29,True,True
Shiv Ji,1,not properly payment üò≠,2025-10-04 03:18:34,True,True
sumanth suresh,1,Fraudulent app with a lot of fake offers and hidden terms in all the categories. Be careful with their offers and discounts!,2025-10-04 03:12:28,True,True
Urvija Rai,1,"worst app with misleading offers, scammer, fraudster",2025-10-03 22:04:25,True,True
Mani Sharma,1,fraud app Cash back Point kha gyeya mere,2025-10-03 20:48:30,True,True
Robith Roji Mathew,1,worst app,2025-10-03 20:32:30,True,True
King Of Pirates Luffy,1,"worst customer service plus , paytm charges for everything you get from them didn't fulfill my request to return sound box yet , it's been 1 month already , to much headache for a service platform not providing service . They should add a dailog on first time opening that this app charges for everything , their soundbox charges money, every transaction charges platform fee . Disappointed",2025-10-03 19:59:49,True,True
Pravinkumar Chauhan,1,not showing discounted electricity bill amount. They are doing froud.,2025-10-03 17:17:40,True,True
Rip Gojree,3,slow showing balance and marchent not read massage or any contact,2025-10-03 16:40:16,True,True
…ÄÍ™ñÍ™óÍ™Ä Í™ëÍ™ñÍ™∂ik,1,worst service and I recharge my sim it's been 1 year still I didn't get and worst service don't use. bette to use phone pe and g pay and pop UPI bette better transaction,2025-10-03 16:14:02,True,True
Sriram,3,"too many animations while scanning qr code. upi transfer speed is slow taking minimum 5 seconds after entering upi pin. even though ui is quite good, spend analysis ui is very simple. Just simplify the app, and make the computing fast.",2025-10-03 15:41:19,True,True
Ajit Sethi,1,unable to link Rupay credit card even though the ICICI Bank card is active and registered with the correct mobile number.,2025-10-03 13:56:20,True,True
Tinku Senchoudhuri,1,When i was going to login it shows you need to update this version but as i went to play store i could not see any update button and my android version 6.0,2025-10-03 13:30:55,True,True
Ajay Kumar,1,bad incorrect balance showing,2025-10-03 12:55:04,True,True
Kumar Sujit,3,"Everything is fine, but they should reduce the ads a bit. So many ads don't look good in a payment app.",2025-10-03 12:33:53,True,True
bhagvanbhai parmar,1,customer care executive could not understand my speech in Hindi accents on Oct 3rd 2025 at 12:09 hrs IST.,2025-10-03 12:16:44,True,True
Vandan Vora,1,Transaction made through your own Paytm money using through your UPI app but they told payment failed and UPI app says payment is successful what is the error here give my money back I have suffered lots of loss in terms of money and time being a higher studies student I have already raised a ticket solve my problem as fast as possible,2025-10-03 10:40:49,True,True
A B,1,this app automatically payment option is waste of time & money i lost our 5$ from my account. When company not ban this feature i will not use this app life timeü§¨,2025-10-03 10:33:39,True,True
Sanjay Sahu,1,paytm is refer is applications per refer 5 cashback itna mehanat karo but paytm wale 5 dete friend do not paytm refer flat 100 cashback likha tha but inhone 5 rupiya diya,2025-10-03 10:14:54,True,True
Prabhat Kumar,1,I hate you application upi lite very negative app üòë üòí,2025-10-03 05:52:37,True,True
KETAN KUMAR PATEL,1,"They say u can pay rent via Paytm postpaid,now I activated and they are not allowing me to do so...Not providing loan also despite best cibil score..but notification of eligibility everyday ..fooling around customers ..the biggest reason Paytm is going down and will continue going down because of customers not happy with them..will stay for 1 star..",2025-10-03 05:08:33,True,True
Manish Mohon,1,third class app.... frauding people..... 300 rs has failed and money deducted from my upi lite account but still I have not received the refund... when I asked they denied to help me because as of them it's a third party payment app . so they don't have any responsibility..... if something wrong then we have to talk over that matter with the bank... Paytm is ignoring customer.... I appeal to the Indian government to ban @paytm immediately for the safety of the customers...,2025-10-03 02:13:50,True,True
Vishal Gadhvi,1,"It's pretty annoying that the cashback you won can't just go straight into your account. The whole process of getting those rewards feels a bit roundabout sometimes. Then there's the whole ""refer and earn"" thing, which is also tied to how much you spend each month. It makes you wonder if there's a simpler way to do all of this. Ultimately, I wish the process was more straightforward and less complicated.",2025-10-03 00:47:37,True,True
harshit mangla,1,"Extremely poor customer support, i think only robotic customer support is available that never your issue.",2025-10-02 21:26:52,True,True
Deepanshu Sahu,2,very slow server,2025-10-02 20:49:18,True,True
Subham Baranwal,1,worst app ever in the world,2025-10-02 19:31:58,True,True
Rushi Clasher,1,"Do not buy gold on this application, it is a scam, when you are going to sell your gold there is a big difference between the return and the selling price, so high sprade, I hope this application goes into downfall again.",2025-10-02 18:29:10,True,True
Harshit .S. Patel,1,"worst app ever, no cashback , no good server, payment always sucks",2025-10-02 17:25:24,True,True
Anand kumarSP,3,Every update is breaking something. 1. Oct 2025 update: Not able to send messages in chat. We can only pay. 2. Aug 2024 update: Transaction note is not displayed.,2025-10-02 16:33:18,True,True
Dev nath Singh,1,hii dost aaplogo to Instagram followers convet,2025-10-02 16:14:11,True,True
Aliza Baig,1,worst app first they will give you cashback then they will cut your money if I have not made any transaction üò†üò†üò†ü§¨ü§¨how can you show my balance low why you add all nonsense in payment app stupid shopping games all that you should not add no security at all I want my money back otherwise close your app any one can see your dp no shield protection gpay is best uninstalling paytm and switching to gpayüôåüôåüôå,2025-10-02 14:16:14,True,True
Puran Singh,1,I have recharge bsnl 107 amount to my paytm bt unexpectedly rupee 4 excess will cut bt not show that 4 rupee in my recharge amount not my balance what kind of froud is this my paytm show recharge is free bt cut hidden fee,2025-10-02 13:33:15,True,True
Sai Kumar,1,worst pump worst service,2025-10-02 13:00:36,True,True
manav manav,1,wrost customer care sevice .....when i call given number not link to talk with customer care agent,2025-10-02 12:44:23,True,True
Ankur,1,you guys keep sending me email that my paytm paymets bank account is inactive when i try to login or add it on the app page itself dosent open and i couldnt login on your payments bank app either,2025-10-02 11:57:03,True,True
Burhan Mohiuddin,1,"upi verification failed, couldn't read the otp.",2025-10-02 11:57:00,True,True
Amit Nanda,1,wrost experience with these services mentally harshed by customer support,2025-10-02 11:48:56,True,True
Ruma Maity,1,This app are scam with me,2025-10-02 11:31:48,True,True
Manish Kumar,1,Now Paytm has become the worst app. I have deleted this aap from my phone.,2025-10-02 10:56:33,True,True
Ankur Deb,2,cashback main scratch card show Nahi ho raha hai,2025-10-02 10:28:50,True,True
Rag Talw,1,not good.. always showing unwanted adds and servers erro..,2025-10-02 10:24:48,True,True
Mahendra Yadav,2,main pichhle 2 sal se Paytm istemal karna. per pichhle 2 hafton se mera experience bahut kharab Raha. naye device mein login karne per sim verification nahin Ho Pa raha hai. sim verification ka problem hai is aap me. new update me bhi yahi problem face kar raha hu,2025-10-02 10:18:48,True,True
Aman Kumar,2,i installed it and some feature I'm not able to access like digital gold and it's already like around 4 days but no updates for me from there customer support,2025-10-02 07:51:31,True,True
Bittu Chakraborty,1,"faltu app , worst payment app ever , my rating is 0",2025-10-02 07:36:58,True,True
A Kumar,1,"worst service,I have booked a bus for a single sleeper but I got a double sleeper and the bus also delayed and the driver dropped me in a different location",2025-10-02 07:03:09,True,True
Pathu Imam,2,very bad customer service.,2025-10-02 00:45:17,True,True
Rajeev Singh Dahiya,1,üëç you are reliable like government sectors.,2025-10-01 23:59:21,True,True
Manoj Puhan,1,scanner home screen added not working.fake updated.,2025-10-01 22:45:00,True,True
akanksha pal,1,worst app,2025-10-01 22:42:47,True,True
Mandar Kocharekar,1,Worst & Usless reward Gain by paytm,2025-10-01 22:21:31,True,True
Manish Kumar,1,"I applied for a loan by mistake, they neither gave me any option to cancel the loan nor did they call and got upset and hung up. This app is the worst and its customer support is not good, it is very bad.",2025-10-01 21:45:28,True,True
Divya,1,ok but very slow,2025-10-01 21:41:54,True,True
Rahul Yadav,1,"Very bad company Bad behaviour of employees, customer care never support ,",2025-10-01 19:34:05,True,True
Aditya Hoon,1,"The User UI is so shity!!!! it lags too much and sometimes even delays the payments!! it's so frustrating for us consumers to face such inconvenience even after knowing this is HUGE payment processing app in India! Paytm you need to do a lot better, regardless I'm shifting to other better options.",2025-10-01 19:07:19,True,True
Rajabakashi Nadaf,1,never problem solve more problems coming this app Paytm app,2025-10-01 17:39:14,True,True
Sameer Choudhury,1,fraud app... showing less investment amount in gold locker,2025-10-01 16:40:15,True,True
Ayush Jain,1,"Hate the Fast Access ""Feature."" If makes the app extremely unsafe. I prefer adding my password or verifying finger prints each time I log in.",2025-10-01 14:50:35,True,True
Chauhan Shivshankar,1,I'm facing technical issues last week 2yr . plz look into priority basis bcz i already shift another platform & miss paytm service.,2025-10-01 11:36:33,True,True
Ranjan Ghosh,2,good to use.,2025-10-01 11:06:53,True,True
Arpita Karodiya,1,good apply,2025-10-01 10:34:15,True,True
Manisha Bhati,1,bank account,2025-10-01 10:10:19,True,True
Samreen Azhar,1,loading loding only loading... not proper responding this app ... nonsense time weste ...,2025-10-01 09:08:50,True,True
Rajesh Kumar,1,very charges on bill payment,2025-10-01 08:38:03,True,True
chieflystar miller mawthoh,1,"money has been credit but when i check on the acc balance history nothing is showing,balance remain same as previous",2025-10-01 06:37:54,True,True
Mahesh Mechanic engineer,3,the app is good but it break our trust so the app can't .ade that trust one more time,2025-10-01 03:49:58,True,True
chandrasekhar M,1,i wat more then cash back,2025-10-01 01:35:33,True,True
Niteesh B,1,This is the worst app i have seen no proper response from the paytm pls don't you this app if you use this appyou will lost your money and its true. i lost money from bus booking and i have raised issue and now they simple close that and saying that the bus operator refused to refund. but i loset money because of patym glitch amd proved that also but they are simply escaping. Please don't use this app üò≠,2025-09-30 23:41:59,True,True
Sunny Srivastava,1,worst experience,2025-09-30 22:55:15,True,True
dilip kumar,1,its worst app... I lost money in this app. no one should not download this... stay safe from scammers....,2025-09-30 21:56:44,True,True
Raj Rani Aren,2,for last few days facing problem in payments.,2025-09-30 21:30:17,True,True
Mohinder Singh Narang,3,please be nice enough to enable app. preference to enable dark theme or dark mode as it is very discomforting to see white pages with dim letters due to cataract. Also advise on how to remove notifications for wrong numbers. Should be rmpowered to delete those numbers or electric bill notice that does not relate to me.,2025-09-30 20:45:18,True,True
Shashi choudhary,1,I m Trae the app,2025-09-30 20:31:50,True,True
Nishant Raj,1,not a good app,2025-09-30 20:10:04,True,True
jaydeep Vaghela,1,"ghost of Thrones all season nud sene hd, I have a look at the moment 5 to get to see if the charge level of Thrones sex, but it would like us know when the new York hot movie lest, I have 5, I have to go back in touch, but I think I can be use the same way as the first one of the most of them to you, I am not sure about that, I have a look at the 55555 to the right to be a good time to time, and I 5 work in the UK, and I will be in a bit like the idea is that the only thing is that the new yon a",2025-09-30 18:52:54,True,True
Lokesh Vaidya,1,disgusting aplication,2025-09-30 18:00:09,True,True
Ankit Sharma,1,this app not good my money outo cut every transaction,2025-09-30 17:19:56,True,True
Kanak Kamar,1,firt time using this app,2025-09-30 17:03:46,True,True
Shivam Kumar,1,bad service,2025-09-30 16:57:38,True,True
Swadesh Raj,2,very bad sirvice,2025-09-30 16:30:59,True,True
ABR BRICKS MFG. COMPANY,1,i am unable to access my paytm account,2025-09-30 16:12:37,True,True
Nitish Sharma,1,bad reviews olso I don't like but important for time llllllo‚ô°‚ô°‚ô°‚ô°‚ô°‚ô°‚ô°‚ô°‚ô°,2025-09-30 13:51:56,True,True
Shivam Pandey,1,please mujhe call support chahie,2025-09-30 12:37:23,True,True
MOHAMMAD IMRAN,2,recharge karne bhot samssay hai plal update nhi hain,2025-09-30 11:33:39,True,True
Jagdeep Singh,1,design this app to work in weak slow internet sites and have AI guide to use this app and solve transaction issues,2025-09-30 11:27:05,True,True
Javid Kakal,2,problem please recovery account,2025-09-30 10:28:49,True,True
Manoj,1,"worst payment app, balance are not showing properly if someone send the money",2025-09-30 09:34:39,True,True
Niketan Sahu,3,"I really enjoyed using this app until the last update. Since then, it keeps showing that my device is rooted‚Äîeven though it‚Äôs not. The issue still persists even after reinstalling, paytm update your algorithm for this. Unfortunately, this has made the app unusable for me. I‚Äôm disappointed to leave, but it was fun while it lasted.",2025-09-30 09:31:37,True,True
Krishna Suryavanshi,1,yes of course ptm really good for payment. but many other payment apps best . but I used at this time navy payment app. who has give me lot of cash rewards ptm always taken plateform charges. and navy always gives you cashback coins rewards,2025-09-30 05:31:36,True,True
Athar Khan,3,1. Please add a page in which total month wise spent is shown. 2. Dark theme issue. Post payment screen is 96% white. Now don't reply asking me to send feedback to so and so email or some link. I write feedback here only on PlayStore only.,2025-09-30 00:24:56,True,True
ATHI G,1,customer care without care,2025-09-29 23:19:51,True,True
Rajesh Kumar Pati,1,Every application has dark mode option but Paytm dark mode option not available that's why I am not using paytm and friends also not using paytm,2025-09-29 22:24:57,True,True
Vijayakumar Handigol,3,"good , app is not locking when we come out of the screen or closed after using it.",2025-09-29 21:50:26,True,True
Naresh jani,1,0‚Çπ cashback,2025-09-29 21:43:03,True,True
Devvrutgiri Gosai,1,"Friends, be careful before booking a bus in Paytm, even if the bus does not arrive at the platform or is delayed for 4-5 hours, the money will not be refunded.",2025-09-29 21:01:24,True,True
Ttk Mishra,1,not receiving cashbacks even after eligible transactions,2025-09-29 21:01:01,True,True
Krishna,1,"I've been using only PayTm for about 3 years. All was good. When qr scanned immediately goes to the payment page faster. Apart from the ad banners in the front page , remaining all was good. but now when i scan a QR it gives an animation which takes 2 seconds. which is very unnecessary and irritating. please remove it. don't tell me to raise a ticket, I mentioned the problem here already.",2025-09-29 18:47:19,True,True
Pruthvi Raj,1,wt the hell they are giving service not single call is getting connected for issue waste this app is no response nothing .....,2025-09-29 17:39:06,True,True
RAVINDRA KUMAR,2,Why Uttar Pradesh Gramin Bank is not in your list till date? Kindly update your database for user's convenience.,2025-09-29 15:22:34,True,True
Anuj Meena,1,paytm app management you not give me option paytm postpaid in my app why,2025-09-29 14:20:17,True,True
Mastram Meena,1,i did my Paytm kyc in 2018 but in 2023 they automatically changed my date of birth and I can't change it now i have some money in my paytm payment bank and I can't withdraw it because when I try to update my pan card my aadhar date of birth don't match because they change it it's a forud they intentionally did it,2025-09-29 13:49:27,True,True
Prakash Kumar mahto,1,1 id for payment no more can login,2025-09-29 10:58:56,True,True
gangaraju valipi,1,worst experience with save gold paytm technical issues,2025-09-29 10:27:35,True,True
Himanshu Rawat,1,"If multiple offers are available for merchant payment, app will offer the lowest cashback. Support is slow and many team give fake excuses. It takes a lot of time to get the cashback from them.",2025-09-29 09:16:30,True,True
Aman !,1,"Subject: Technical Issue while Applying for Paytm Service Agent Dear Paytm Team, I'm trying to apply to become a Paytm Service Agent, but I am unable to complete the application process. Whenever I click on ""Start the process,"" I get an error message on the screen: ""Error: We are unable to process your request. Please try again after sometime to continue."" This issue has been persistent for the last two days. I have already updated the app and checked my internet connection, which is stable. Cou",2025-09-29 08:37:39,True,True
Vani avni Advik,1,poor chat support taken to long to respond,2025-09-29 07:18:29,True,True
Shubhada Bhadade,3,Good app. But BHIM UPI gives instant cashbacks,2025-09-29 06:27:22,True,True
Ankur Gupta,1,"please rate 1 star all guys, they are seriously uneducated and irresponsible, guys in all paytm part. they have not good knowledge.",2025-09-29 06:26:20,True,True
Lohit Verma,1,"Poor services by Paytm, no way to connect to a representative and it's been 5 days that I am trying to connect. Their AI system is the worst and is replying anything in response to my messages. I do not recommend Paytm and will stop using it soon. Poor services ever, very dissatisfied and unhappy. Sep29/ It's been 8 days now, no revert from paytm and still can't connect with a representative. I have even raised a ticket, the worst service ever.",2025-09-29 04:06:16,True,True
Subrahmanya BK,3,"Currently, a lot of UPI failed transactions saying you exceeded limit when not even a single transactions done for many days!",2025-09-28 22:49:36,True,True
Abdul Hafiz,1,I bought 4.0 gm digital gold from paytm. I got 4000/- profit but when I go to sell it option it is deducting 50% of my profit. paytm making fool of customers.,2025-09-28 22:22:16,True,True
Rahul Mg,1,my sbi account not verified why I use Paytm 2nd time but,2025-09-28 20:14:50,True,True
Sachin Kumar,1,Paytm is a scammer app. Don't use it. paytm so called support system is AI Bot . Ai bot repeating same answer can not connect with real customer service. In Flipkart page show me offer with paytm. but cashback not received overall don't use this app . Because this is a scammer app ---------------------------------------- - - you will be surprised to know that the number shown on playstore (paytm page) remains switch off all the time .--- --delete your account as soon as possible. ----,2025-09-28 19:20:31,True,True
Sejal Dewangan,1,I can't get the correct balance of accounts ...... check balance tells me about the previous balance,2025-09-28 19:07:08,True,True
Asif Shaikh,1,I need my paytym fast tag statement which the team is not able to provide. Worst ever service and will make sure my connections don't even use paytm. No reply to e-mails. Even giving 1 star rating is worthless.,2025-09-28 18:25:14,True,True
Antima Kundu,1,this app becomes worst and worst day by day I dont know how to contact with customer service representative. there is no contact number. they have placed AI help that is of no use. I want to contact customer service team as soon as possible. paytm is no more a trustable app at all.,2025-09-28 17:41:49,True,True
Creator,1,why cashback is replaced with that waste gold coins uninstalling this garbage,2025-09-28 17:35:12,True,True
Alok Chaudhary,1,Don't give scratch cards. It's time wasting. Always give rewards.,2025-09-28 16:32:50,True,True
Abid Amin,1,shame for paym your rewards and vouchers are 1000%vaste no cash back 0%,2025-09-28 12:36:36,True,True
Jatin Gupta,1,I have worst experience with their customer care they don't have any customer support system worst app,2025-09-28 10:52:11,True,True
Manoj Kumar,1,bery well app,2025-09-28 10:51:16,True,True
Jai 19,1,"Literally doing Fraud. My Accumulated Cashback Point balance wiped out without any prior notice/information to customer. My balance was nearly 2400 points. (Along with Txn. history of Coins so that No proof left behind) They Now introduced Gold coins (by wiping out previous balance), but what about those loyal customers who're standing with you in RBI storm & never fade away your business. This is called Betrayal of Trust. Now, I'm Going to never ever use your app. Go2 hell. DM me,4 best option",2025-09-28 10:38:57,True,True
Venkatesh P,1,"Whenever I do any transaction,every time it is showing pending or wait for 48hrs and also amount is deducted. for customer support in app whatever question I ask it will give same response",2025-09-28 10:25:32,True,True
P hby,1,slow chlta hai iski wjh se phone hang krne lgta hai aur iska business wala to paisa loot rha hai,2025-09-28 10:24:00,True,True
Mahananda Jana,2,Paytam login otp not received,2025-09-28 09:55:37,True,True
JIBIN TG,1,good experience,2025-09-28 09:03:46,True,True
Vijay Vijaycharu,1,this guys frod app My this month 8000 loss consumer care weast this All guys frod no1 online game guys and this app friend this week total amount 10000 no refund don't download indian govt plz band this app all over India frop available 23/9/25 to 28/9/25 total amount loss this app not replying,2025-09-28 02:13:52,True,True
Kartik sharma,1,not good experience they even don't have real humans for costumer service and ai is dumb,2025-09-28 00:20:35,True,True
Rishabh Jain,1,No customer support. Don't use this app otherwise you will lose your money and end up chatting with AI chat bot. Don't trust this app ever. they will just open the issue and keep it in progress for months and years and trust me you will not get your money back ever,2025-09-28 00:17:26,True,True
Debasish Patra,1,"Paytm has failed to process my UPI Lite deactivateon, and i lost my money. And this app has no customer care number. If the money is pending, it is not available. The worst experience in my life is by far. I know a lot. I lost my money. Be careful with this app.",2025-09-27 23:13:40,True,True
Shahid Rather,1,Not secure UPI as I transfer some money to my friend but the payment history of that transaction is not saved to my history,2025-09-27 21:30:52,True,True
amit kumar,1,"When I check my balance, Paytm is showing more while the balance in the bank is less. I will delete Paytm from my mobile.",2025-09-27 21:22:59,True,True
Neeraj Pandey,1,Its very helpful app in rural arias ...very thank full to paytm team its humble request plz add MSEB to electricity column,2025-09-27 20:20:38,True,True
Thillai dinesh S,1,Negative 5 star rating for the app. If I click any service it just loading only . waste of time better to uninstall the app.,2025-09-27 20:10:56,True,True
Raja Saha,2,refferal cashback nahi milta hai...,2025-09-27 19:40:17,True,True
arvind rathod,3,very good service,2025-09-27 18:32:41,True,True
Mr Racer,1,"Worst App , Paytm Gold is not working, I can't see my gold locker and no response from agent only Ai response same answer almost it's take 5 days report still no response, Paytm Now very Worst and customer care very poor , Don't use this App",2025-09-27 18:30:47,True,True
Abir Kohri,1,"Dear Paytm Team,Yesterday, I tried to do a recharge of ‚Çπ200, but it failed three times. Although the recharge was unsuccessful, ‚Çπ600 was deducted from my account. Out of this, ‚Çπ400 was refunded temporarily but was again deducted later.I have already raised 2 to 4 support tickets regarding this issue, but instead of resolving it, your team has been repeatedly asking for the same details such as bank statements. This is not acceptable as the problem has still not been resolved.This is my final mes",2025-09-27 18:20:27,True,True
Gajju Nizamuddin,1,My civil score is showing 780 in my Google Pay account and you people at Patm have directly reduced my points by 39. On what basis can you reduce my score? Who has given you the authority?,2025-09-27 17:58:23,True,True
kanwar atwal,1,"I need assistance regarding a payment gone through from my account today, without order getting placed on supplier (Blinkit in this case)",2025-09-27 17:25:30,True,True
A Google user,1,Worst app very Slow and fake offers ... don't do payment from here if you are looking for any offer they will something and they will give something,2025-09-27 17:06:19,True,True
Prawal Kr Pathak,1,the patym took money in aname of giving product at the same value he charged but the cupon not work properly and my money get wasted because they not show the terms and conditions previously. such like some indian giant not performing well and indian have a trust issue on them.,2025-09-27 16:18:28,True,True
Phani sai Teja G,1,worst experience been using for 4 plus year charge significantly while invested in digital gold didn't expect this,2025-09-27 15:24:26,True,True
Jayesh Tank,1,why mandatory permission for sms and contact. i have security concern. this app is stealing all my message info and contact info. unable to proceed. BEAWARE THIS APP IS STEALING YOUR MSG AND CONTACT INFO. In India this giyant dosnt care about personal info or security. no app is following govt policy.,2025-09-27 13:36:47,True,True
Gayathri Jagadeesh,3,it is slowly scanning,2025-09-27 13:30:24,True,True
Debadyut√¨ De,1,scam paytm. not getting any help. no customer care support,2025-09-27 13:20:28,True,True
SudhaMoy Pal,1,After Closing paytm payment bank worst app and charges as platform fees.,2025-09-27 13:11:30,True,True
Ahsan Ali Info 54 Ahsan Ali Info 54,1,speed problem,2025-09-27 13:01:18,True,True
Manju Devi,1,bank account link problem very bet app,2025-09-27 12:56:06,True,True
Nikhil Saxena,1,"previously IPO notifications from other apps like KITE used to come in notifications but now you keep searching for them , they just pop up and if u miss the pop up its gone üò°",2025-09-27 10:47:02,True,True
KISU SINGH,1,it's paytm gold fraud with me buy and sell price very high difference.Not invest in paytm gold.,2025-09-27 09:08:30,True,True
Purna santa Purna,2,Thank you,2025-09-27 08:13:06,True,True
Rajiv Kanabar,1,why it doesn't support UPI with international numbers for NRIs.,2025-09-27 06:16:02,True,True
Raman Varma,1,so many fraud this app,2025-09-27 02:49:33,True,True
Zeba Rani,1,app is not working after reinstalling koi option click ni ho rha help centre pe bhi click nu hota,2025-09-27 01:29:51,True,True
Sumit Agrahari,1,Wrost experience in this bus . Very late & will never choose paytm. They are not responding to any complaint. I have uninstalled the paytm app . Will never use in future.,2025-09-27 00:39:51,True,True
Harsh Sharma,1,Never buy digital gold from Paytm. They have too many hidden charges. I paid 1001 rupees but invested 961 rupees and after 5.58% return the total amount is 1014 but when i am trying to sell my all gold the amount i am getting is 955 rupees and even there is not any transpiracy of how much tax they are charging i understand that there are taxes but there should be a transpiracy about how much tax and spread i have to pay,2025-09-27 00:03:35,True,True
Kartavya Krish,2,"refer and earn is fraud, all reward voucher are useless and hidden term and condition, in sort reward voucher or cashback is totally useless",2025-09-26 23:00:07,True,True
Sherlin Mol,3,movie ticket booking option not showing,2025-09-26 22:48:40,True,True
Shubhankar Barman,1,Application not open. It shows my mobile is rooted and I use unauthorised firmware. How can it happen? I used the app from last 7 years.,2025-09-26 19:39:39,True,True
Meddy Saddiq,1,"you haven't even deserved to get one star ,the app can't allow me to login what is wrong, am in Uganda play store should not be allowing some app like this one üòë üòí üò§ is it for India only please tell me please üòâ üôÑ",2025-09-26 19:38:19,True,True
Sandeep Singh,1,bast app of India ü§£ü§£üòÇüòÇüòùü§™üòúüòõ,2025-09-26 19:27:47,True,True
Rahul yadav,1,worst app don't use anyone üòû cash back dikha kr turn and condition apply kar dete Hain,2025-09-26 18:56:07,True,True
Kim Bennet,2,"It's fine and fast but there's too much of annoying ads. I always have to force stop the app but because of that I have to choose a different payment option and there's this bug most likely their business strategy, it won't let me delete my merchant account, everytime I call the customer care those jerks won't fix it.",2025-09-26 18:07:39,True,True
Ranjeet Yadav,2,app is slow,2025-09-26 16:46:33,True,True
Ronnie Unbound,1,credit card bill payments are always stuck as pending,2025-09-26 15:36:28,True,True
Sadanand Sharma,1,Payment failed transaction ‡§π‡•ã ‡§ó‡§Ø‡§æ ‡§§‡•ã ‡§∞‡§ø‡§´‡§Ç‡§° ‡§ï‡§∞‡§®‡•á ‡§Æ‡•à‡§Ç ‡§¨‡§π‡•Å‡§§ ‡§∏‡§Æ‡§Ø ‡§≤‡§ó‡§§‡§æ ‡§π‡•à other apps better.,2025-09-26 14:47:39,True,True
Manikant Kumar,1,"Very slow app Please make app fast like other upi apps google pay, phonepe etc.",2025-09-26 13:55:50,True,True
Sreekanth,1,don't use this app worst app i never see this kind app i booked one bus ticket guntur to Hyderabad the price is 866 rupees unfortunately my trip got cancelled they charged 300 rupees cancellation charges what is this charges they simply said that i.e is operator charges don't use Morningstar travels also tagey charged 300 rupees cancellation charges .my traveling date is 01-10-2025 and ticket cancelled date is 26-09-2025 I have 5 days time is there but they are charging 300 rupees.,2025-09-26 13:38:52,True,True
sir zordan,1,"totally irritating app for payment.. each time it stuck and my fund also gets stuck , overall 1000 rs is stuck",2025-09-26 13:26:36,True,True
Dayal Raut,1,dont use this app they make people fool giving offer like i pay electricity bill most of the time but not got any coupon worst app i uninstalled now,2025-09-26 12:40:27,True,True
Harsh Nagar,3,good app for payment,2025-09-26 11:45:24,True,True
Rajesh Kumar,1,flipkart giving flat ‚Çπ30 cashback by paying via Paytm UPI above ‚Çπ300 payment. I made payment ‚Çπ720 via Paytm UPI but Paytm given me only Rs.2. I faced the same things 2-3 times earlier. I feel cheated by Paytm. so It's time to uninstall Paytm App. Good Bye Paytm.,2025-09-26 11:16:13,True,True
Movie Clips MCU,1,unable to make payment it's saying verify mobile number & otp received but can't verifying,2025-09-26 11:13:52,True,True
ammad molla,3,nice app and Good,2025-09-26 11:11:45,True,True
Yogesh Malik,1,"no customer care executive , been using this app from 5 years now it's saying can't make payment for more than 5k",2025-09-26 10:03:40,True,True
Hansda Abhash,1,server is very very bad and unavailable,2025-09-26 08:41:26,True,True
Sathish Philippe D,1,There's no Pure Cash back on every payment. Kiwi app is best than paytm,2025-09-26 08:37:21,True,True
Mardi Babu,1,Worst app anyone Don't download this Paytm app because once you create account in this app they don't allow you to delete your account.,2025-09-26 08:21:25,True,True
M Hossain,1,no any scratches card recived,2025-09-26 07:25:17,True,True
gaurav verma,1,Dont book bus ticket from this app as they provide wrong infomation about pick and drop point.They even dont care after the booking just one reply contact bus services.,2025-09-26 04:38:30,True,True
Alish Raii,1,disgusting app automatically deducted money from account üëéüèªüëéüèª,2025-09-26 01:15:28,True,True
Anurag tripathi,1,tumhare sare coupon and voucher fraud hai not applicable and maximum of them are useless and worthless.cheating is your hobby so you will never change gudbye paytm,2025-09-26 01:10:51,True,True
Afnas Al,1,please dont use this app for any flight book because i had book a flight using this app due to some issue flight got cancelled when I was calling to airline team there told me that there have refund to Paytm but Paytm is not giving the money very poor very poor,2025-09-25 23:50:17,True,True
Mahesh,1,"I will not reconsider my rating. You guys need to reconsider your promises and business ethics. Anyways, I am no longer using paytm so there is nothing to discuss.",2025-09-25 22:16:43,True,True
Shubham Mohite,1,worst service by paytm no customer care for customers when tried to connect with you ..your bot says connection restore I'm going to uninstall this once I get my refund,2025-09-25 21:47:34,True,True
Vivek Sharma,1,worst experience,2025-09-25 20:44:29,True,True
Dhiraj Kumar Bhagat,1,"How to transfer KYC to other mobile number.We are worried since last 10 days, work has not been done despite repeated efforts.",2025-09-25 20:40:49,True,True
Gurucharan Kumar,3,thank you.,2025-09-25 20:13:13,True,True
ANZAR AHMAD,1,"I am facing an issue while trying to link my Slice RuPay Credit Card and Suryoday Small Finance Bank RuPay Credit Card in the Paytm app. Both banks appear in the list, but as soon as I try to link, it shows an error: ""Unable to link your Slice Small Finance Bank RuPay CC / Suryoday Small Finance Bank RuPay CC."" This issue is only with Paytm, because I have already linked the same cards in PhonePe and GPay successfully and I use them for daily payments without any problem. So fix this issue",2025-09-25 19:52:19,True,True
Pinki Boruah Borah,1,sometimes crack the whole app. I suggest to smooth the app .,2025-09-25 19:43:54,True,True
Hardeep310 Gaming,1,worst app I have ever seen i bought a gold and sold it 500 rupees still I don't get my money in my bank account what should I do now please don't invest in paytm gold no paytm agent is contacting with me now I think I had lost my 500,2025-09-25 19:30:24,True,True
Himanshu Pathak,1,they are not deserve 1 star also I'm using paytm past 3 years and I have received only 3 rupees cash back just a 3rd class usse bhi ganda application hai ye cash back ke naam pe sirf voucher de te hai I don't want your vouchers fools,2025-09-25 19:20:51,True,True
Ajay Kharwar,1,good faciliti,2025-09-25 18:38:40,True,True
A Google user,1,worst app there is no cashback,2025-09-25 17:51:12,True,True
SURYA,1,worst app,2025-09-25 17:15:37,True,True
Tanishk Goyal,1,I have a refund issue which is unresolved. I have found no way to contact their support team through phone call or email id. worst app,2025-09-25 15:57:33,True,True
Summer Sharma,1,fraud app point kha gye humarye chor gatiya app,2025-09-25 15:52:50,True,True
Anand S,1,"worst Ui, keeps pushing UPI lite during payments. The designers/product managers are the biggest fools or pushovers.",2025-09-25 15:34:25,True,True
Milan Raj,1,better options are available on the market this app it doesn't give much cashbacks just bunch of hoopla,2025-09-25 12:09:45,True,True
Roshan Sinha,1,"old paytm was good, simple and easy to use.. kab shuru hoga paytm payment bank?",2025-09-25 11:52:22,True,True
Sunny Jatav,1,very bad app my account have 1500 rupees but this app cannot be transferred money to any one and it's costumer service was very bad,2025-09-25 11:47:01,True,True
Saikat Saha,1,this app is misleading and full of empty promises. they will send you cashback offer on WhatsApp and after you spend money on this app it will simply say you are not the lucky winner. lol. I mean do they really expect us to use this app after this fraud? I wouldn't use it and I would ask people not to use it.,2025-09-25 10:46:24,True,True
Sai Kiran,1,The cash back is not credited and after referral they are saying you are not eligible for cash back.iam un happy and uninstalling the app.,2025-09-25 10:41:45,True,True
AK 97,1,Worst Experience.Everytime I book movie it shows sorry for inconvenience and booking gets cancelled Bus booking is so messed.Everytime you book for one price and it ends up showing a revised price at the last.Vouchers are unresponsive even if I try multiple times to apply.,2025-09-25 10:17:24,True,True
Iouri Prost,1,"indian bank account required to use UPI, the digital wallet feature wasn't there",2025-09-25 10:05:24,True,True
Sameer Singh,1,customer support is very annoying...non of agents contacts even after several try.....I got stuck with my problem...very irritating.....just replacing people with ai is not an achievement unless your ai able to solve problems.....worst customer support...üëéüëéüëéüëéüëéüëéüëéüëéüëéüëéüëé,2025-09-25 08:04:40,True,True
